<Objs Version="1.1.0.1" xmlns="http://schemas.microsoft.com/powershell/2004/04">
  <Obj RefId="0">
    <TN RefId="0">
      <T>Microsoft.PowerShell.Commands.PSRepositoryItemInfo</T>
      <T>System.Management.Automation.PSCustomObject</T>
      <T>System.Object</T>
    </TN>
    <MS>
      <S N="Name">GPRegistryPolicyDsc</S>
      <Version N="Version">1.2.0</Version>
      <S N="Type">Module</S>
      <S N="Description">This resource module contains DSC resources used to apply and manage local group policies by modifying the respective .pol file.</S>
      <S N="Author">DSC Community</S>
      <S N="CompanyName">dsccommunity</S>
      <S N="Copyright">Copyright the DSC Community contributors. All rights reserved.</S>
      <DT N="PublishedDate">2020-03-13T15:22:25+00:00</DT>
      <Obj N="InstalledDate" RefId="1">
        <DT>2023-03-10T15:52:04.3295986+00:00</DT>
        <MS>
          <Obj N="DisplayHint" RefId="2">
            <TN RefId="1">
              <T>Microsoft.PowerShell.Commands.DisplayHintType</T>
              <T>System.Enum</T>
              <T>System.ValueType</T>
              <T>System.Object</T>
            </TN>
            <ToString>DateTime</ToString>
            <I32>2</I32>
          </Obj>
        </MS>
      </Obj>
      <Nil N="UpdatedDate" />
      <URI N="LicenseUri">https://github.com/dsccommunity/GPRegistryPolicyDsc/blob/master/LICENSE</URI>
      <URI N="ProjectUri">https://github.com/dsccommunity/GPRegistryPolicyDsc</URI>
      <Nil N="IconUri" />
      <Obj N="Tags" RefId="3">
        <TN RefId="2">
          <T>System.Object[]</T>
          <T>System.Array</T>
          <T>System.Object</T>
        </TN>
        <LST>
          <S>DesiredStateConfiguration</S>
          <S>DSC</S>
          <S>DSCResourceKit</S>
          <S>DSCResource</S>
          <S>PSModule</S>
        </LST>
      </Obj>
      <Obj N="Includes" RefId="4">
        <TN RefId="3">
          <T>System.Collections.Hashtable</T>
          <T>System.Object</T>
        </TN>
        <DCT>
          <En>
            <S N="Key">Cmdlet</S>
            <Obj N="Value" RefId="5">
              <TNRef RefId="2" />
              <LST />
            </Obj>
          </En>
          <En>
            <S N="Key">RoleCapability</S>
            <Ref N="Value" RefId="5" />
          </En>
          <En>
            <S N="Key">DscResource</S>
            <Obj N="Value" RefId="6">
              <TNRef RefId="2" />
              <LST>
                <S>RefreshRegistryPolicy</S>
                <S>RegistryPolicyFile</S>
              </LST>
            </Obj>
          </En>
          <En>
            <S N="Key">Function</S>
            <Ref N="Value" RefId="5" />
          </En>
          <En>
            <S N="Key">Workflow</S>
            <Ref N="Value" RefId="5" />
          </En>
          <En>
            <S N="Key">Command</S>
            <Ref N="Value" RefId="5" />
          </En>
        </DCT>
      </Obj>
      <Nil N="PowerShellGetFormatVersion" />
      <S N="ReleaseNotes">## [1.2.0] - 2020-03-13_x000A__x000D__x000A_### Added_x000D__x000A__x000D__x000A_- GPRegistryPolicyDsc_x000D__x000A_  - Add support to upload coverage to Codecov.io ([issue #16](https://github.com/dsccommunity/GPRegistryPolicyDsc/issues/16))._x000D__x000A__x000D__x000A_### Fixed_x000D__x000A__x000D__x000A_- GPRegistryPolicyDsc_x000D__x000A_  - Update GitVersion.yml with the correct regular expression._x000D__x000A_  - Added GPT.ini creation/updating logic in order to properly apply Group Policy._x000D__x000A__x000D__x000A_### Changed_x000D__x000A__x000D__x000A_- GPRegistryPolicyDsc_x000D__x000A_  - Set a display name on all the jobs and tasks in the CI pipeline._x000D__x000A_  - Change the Azure Pipelines Microsoft Host Agents to use the image _x000D__x000A_    `windows-2019` ([issue #15](https://github.com/dsccommunity/GPRegistryPolicyDsc/issues/15))._x000A__x000A_## [1.1.0] - 2020-01-05_x000D__x000A__x000D__x000A_### Added_x000D__x000A__x000D__x000A_- GPRegistryPolicyDsc_x000D__x000A_  - Added continuous delivery with a new CI pipeline._x000A__x000A_## [1.0.1] - 2019-09-29_x000D__x000A__x000D__x000A_- Fixed [#3](https://github.com/dsccommunity/GPRegistryPolicyDsc/issues/3)_x000D__x000A_- Updated release logic to not include .git folder._x000A__x000A_## [1.0.0] - 2019-09-18_x000D__x000A__x000D__x000A_- Initial release.</S>
      <Obj N="Dependencies" RefId="7">
        <TNRef RefId="2" />
        <LST />
      </Obj>
      <S N="RepositorySourceLocation">https://www.powershellgallery.com/api/v2</S>
      <S N="Repository">PSGallery</S>
      <S N="PackageManagementProvider">NuGet</S>
      <Obj N="AdditionalMetadata" RefId="8">
        <TN RefId="4">
          <T>System.Management.Automation.PSCustomObject</T>
          <T>System.Object</T>
        </TN>
        <MS>
          <S N="copyright">Copyright the DSC Community contributors. All rights reserved.</S>
          <S N="description">This resource module contains DSC resources used to apply and manage local group policies by modifying the respective .pol file.</S>
          <S N="requireLicenseAcceptance">False</S>
          <S N="releaseNotes">## [1.2.0] - 2020-03-13_x000A__x000D__x000A_### Added_x000D__x000A__x000D__x000A_- GPRegistryPolicyDsc_x000D__x000A_  - Add support to upload coverage to Codecov.io ([issue #16](https://github.com/dsccommunity/GPRegistryPolicyDsc/issues/16))._x000D__x000A__x000D__x000A_### Fixed_x000D__x000A__x000D__x000A_- GPRegistryPolicyDsc_x000D__x000A_  - Update GitVersion.yml with the correct regular expression._x000D__x000A_  - Added GPT.ini creation/updating logic in order to properly apply Group Policy._x000D__x000A__x000D__x000A_### Changed_x000D__x000A__x000D__x000A_- GPRegistryPolicyDsc_x000D__x000A_  - Set a display name on all the jobs and tasks in the CI pipeline._x000D__x000A_  - Change the Azure Pipelines Microsoft Host Agents to use the image _x000D__x000A_    `windows-2019` ([issue #15](https://github.com/dsccommunity/GPRegistryPolicyDsc/issues/15))._x000A__x000A_## [1.1.0] - 2020-01-05_x000D__x000A__x000D__x000A_### Added_x000D__x000A__x000D__x000A_- GPRegistryPolicyDsc_x000D__x000A_  - Added continuous delivery with a new CI pipeline._x000A__x000A_## [1.0.1] - 2019-09-29_x000D__x000A__x000D__x000A_- Fixed [#3](https://github.com/dsccommunity/GPRegistryPolicyDsc/issues/3)_x000D__x000A_- Updated release logic to not include .git folder._x000A__x000A_## [1.0.0] - 2019-09-18_x000D__x000A__x000D__x000A_- Initial release.</S>
          <S N="isLatestVersion">True</S>
          <S N="isAbsoluteLatestVersion">True</S>
          <S N="versionDownloadCount">1505009</S>
          <S N="downloadCount">1539135</S>
          <S N="packageSize">24431</S>
          <S N="published">3/13/2020 3:22:25 PM +00:00</S>
          <S N="created">3/13/2020 3:22:25 PM +00:00</S>
          <S N="lastUpdated">3/10/2023 3:50:10 PM +00:00</S>
          <S N="tags">DesiredStateConfiguration DSC DSCResourceKit DSCResource PSModule PSDscResource_RefreshRegistryPolicy PSDscResource_RegistryPolicyFile PSIncludes_DscResource</S>
          <S N="developmentDependency">False</S>
          <S N="updated">2023-03-10T15:50:10Z</S>
          <S N="NormalizedVersion">1.2.0</S>
          <S N="Authors">DSC Community</S>
          <S N="IsPrerelease">false</S>
          <S N="ItemType">Module</S>
          <S N="FileList">GPRegistryPolicyDsc.nuspec|GPRegistryPolicyDsc.psd1|en-US\about_GPRegistryPolicyDsc.help.txt|DSCResources\MSFT_RegistryPolicyFile\MSFT_RegistryPolicyFile.schema.mof|DSCResources\MSFT_RegistryPolicyFile\MSFT_RegistryPolicyFile.psm1|DSCResources\MSFT_RefreshRegistryPolicy\MSFT_RefreshRegistryPolicy.psm1|DSCResources\MSFT_RefreshRegistryPolicy\MSFT_RefreshRegistryPolicy.schema.mof|Modules\GPRegistryPolicyFileParser\GPRegistryPolicyFileParser.psm1|Modules\GPRegistryPolicyFileParser\GPRegistryPolicyFileParser.psd1|Modules\GPRegistryPolicyDsc.Common\GPRegistryPolicyDsc.Common.psd1|Modules\GPRegistryPolicyDsc.Common\GPRegistryPolicyDsc.Common.psm1|DSCResources\MSFT_RegistryPolicyFile\en-US\MSFT_RegistryPolicyFile.strings.psd1|DSCResources\MSFT_RefreshRegistryPolicy\en-US\MSFT_RefreshRegistryPolicy.strings.psd1|Modules\GPRegistryPolicyFileParser\en-US\GPRegistryPolicyFileParser.strings.psd1|Modules\GPRegistryPolicyDsc.Common\en-US\GPRegistryPolicyDsc.Common.strings.psd1</S>
          <S N="GUID">fcded2c6-6ba2-4d6c-a35e-55848f90462b</S>
          <S N="PowerShellVersion">5.0</S>
          <S N="CLRVersion">4.0</S>
          <S N="CompanyName">DSC Community</S>
        </MS>
      </Obj>
      <S N="InstalledLocation">C:\Users\runneradmin\Documents\PowerShell\Modules\GPRegistryPolicyDsc\1.2.0</S>
    </MS>
  </Obj>
</Objs>
