<Objs Version="1.1.0.1" xmlns="http://schemas.microsoft.com/powershell/2004/04">
  <Obj RefId="0">
    <TN RefId="0">
      <T>Microsoft.PowerShell.Commands.PSRepositoryItemInfo</T>
      <T>System.Management.Automation.PSCustomObject</T>
      <T>System.Object</T>
    </TN>
    <MS>
      <S N="Name">NetworkingDsc</S>
      <Version N="Version">9.0.0</Version>
      <S N="Type">Module</S>
      <S N="Description">DSC resources for configuring settings related to networking.</S>
      <S N="Author">DSC Community</S>
      <Obj N="CompanyName" RefId="1">
        <TN RefId="1">
          <T>System.Object[]</T>
          <T>System.Array</T>
          <T>System.Object</T>
        </TN>
        <LST>
          <S>PowerShellTeam</S>
          <S>gaelcolas</S>
          <S>dsccommunity</S>
        </LST>
      </Obj>
      <S N="Copyright">Copyright the DSC Community contributors. All rights reserved.</S>
      <DT N="PublishedDate">2022-05-30T07:14:50+00:00</DT>
      <Obj N="InstalledDate" RefId="2">
        <DT>2023-03-09T19:50:14.2321175+00:00</DT>
        <MS>
          <Obj N="DisplayHint" RefId="3">
            <TN RefId="2">
              <T>Microsoft.PowerShell.Commands.DisplayHintType</T>
              <T>System.Enum</T>
              <T>System.ValueType</T>
              <T>System.Object</T>
            </TN>
            <ToString>DateTime</ToString>
            <I32>2</I32>
          </Obj>
        </MS>
      </Obj>
      <Nil N="UpdatedDate" />
      <URI N="LicenseUri">https://github.com/dsccommunity/NetworkingDsc/blob/main/LICENSE</URI>
      <URI N="ProjectUri">https://github.com/dsccommunity/NetworkingDsc</URI>
      <URI N="IconUri">https://dsccommunity.org/images/DSC_Logo_300p.png</URI>
      <Obj N="Tags" RefId="4">
        <TNRef RefId="1" />
        <LST>
          <S>DesiredStateConfiguration</S>
          <S>DSC</S>
          <S>DSCResourceKit</S>
          <S>DSCResource</S>
          <S>PSModule</S>
        </LST>
      </Obj>
      <Obj N="Includes" RefId="5">
        <TN RefId="3">
          <T>System.Collections.Hashtable</T>
          <T>System.Object</T>
        </TN>
        <DCT>
          <En>
            <S N="Key">Function</S>
            <Obj N="Value" RefId="6">
              <TNRef RefId="1" />
              <LST />
            </Obj>
          </En>
          <En>
            <S N="Key">Cmdlet</S>
            <Ref N="Value" RefId="6" />
          </En>
          <En>
            <S N="Key">Workflow</S>
            <Ref N="Value" RefId="6" />
          </En>
          <En>
            <S N="Key">DscResource</S>
            <Obj N="Value" RefId="7">
              <TNRef RefId="1" />
              <LST>
                <S>DefaultGatewayAddress</S>
                <S>DnsClientGlobalSetting</S>
                <S>DnsConnectionSuffix</S>
                <S>DNSServerAddress</S>
                <S>Firewall</S>
                <S>FirewallProfile</S>
                <S>HostsFile</S>
                <S>IPAddress</S>
                <S>IPAddressOption</S>
                <S>NetAdapterAdvancedProperty</S>
                <S>NetAdapterBinding</S>
                <S>NetAdapterLso</S>
                <S>NetAdapterName</S>
                <S>NetAdapterRDMA</S>
                <S>NetAdapterRsc</S>
                <S>NetAdapterRss</S>
                <S>NetAdapterState</S>
                <S>NetBIOS</S>
                <S>NetConnectionProfile</S>
                <S>NetIPInterface</S>
                <S>NetworkTeam</S>
                <S>NetworkTeamInterface</S>
                <S>ProxySettings</S>
                <S>Route</S>
                <S>WINSSetting</S>
                <S>DnsServerAddress</S>
                <S>NetAdapterRdma</S>
                <S>NetBios</S>
                <S>WaitForNetworkTeam</S>
                <S>WinsServerAddress</S>
                <S>WinsSetting</S>
              </LST>
            </Obj>
          </En>
          <En>
            <S N="Key">Command</S>
            <Ref N="Value" RefId="6" />
          </En>
          <En>
            <S N="Key">RoleCapability</S>
            <Ref N="Value" RefId="6" />
          </En>
        </DCT>
      </Obj>
      <Nil N="PowerShellGetFormatVersion" />
      <S N="ReleaseNotes">## [9.0.0] - 2022-05-30_x000A__x000D__x000A_### Fixed_x000D__x000A__x000D__x000A_- NetBios_x000D__x000A_  - Fixes configuring network adapters in a disconnected or disabled state - fixes [Issue #434](https://github.com/dsccommunity/NetworkingDsc/issues/434)._x000D__x000A_- DnsServerAddress_x000D__x000A_  - Improved error handling - fixes [Issue #446](https://github.com/dsccommunity/NetworkingDsc/issues/446)._x000D__x000A__x000D__x000A_### Changed_x000D__x000A__x000D__x000A_- NetAdapterLso_x000D__x000A_  - Protocol now a key field allowing multiple protocol configurations for a_x000D__x000A_    single network adapter - fixes [Issue #475](https://github.com/dsccommunity/NetworkingDsc/issues/475)._x000D__x000A_  - Updated wiki documentation showing configuration overlap with_x000D__x000A_    NetAdapterAdvancedProperty - fixes [Issue #475](https://github.com/dsccommunity/NetworkingDsc/issues/475)._x000D__x000A_- NetAdapterAdvancedProperty_x000D__x000A_  - Updated wiki documentation showing configuration overlap with_x000D__x000A_    NetAdapterLso - fixes [Issue #475](https://github.com/dsccommunity/NetworkingDsc/issues/475)._x000D__x000A_- Renamed `master` branch to `main` - Fixes [Issue #469](https://github.com/dsccommunity/NetworkingDsc/issues/469)._x000D__x000A_- Updated build to use `Sampler.GitHubTasks` - Fixes [Issue #489](https://github.com/dsccommunity/NetworkingDsc/issues/489)._x000D__x000A_- Added support for publishing code coverage to `CodeCov.io` and_x000D__x000A_  Azure Pipelines - Fixes [Issue #491](https://github.com/dsccommunity/NetworkingDsc/issues/491)._x000D__x000A_- Minor reformatting of code style for diffability._x000D__x000A_- ProxySettings_x000D__x000A_  - Added function `Get-ProxySettingsRegistryKeyPath` to provide initial_x000D__x000A_    support for changing proxy settings for current user._x000D__x000A_    BREAKING CHANGE: Added support for configuring proxy settings for a user_x000D__x000A_    account by adding `Target` parameter - Fixes [Issue #423](https://github.com/dsccommunity/NetworkingDsc/issues/423)._x000D__x000A_- Updated .github issue templates to standard - Fixes [Issue #508](https://github.com/dsccommunity/NetworkingDsc/issues/508)._x000D__x000A_- Added Create_ChangeLog_GitHub_PR task to publish stage of build pipeline._x000D__x000A_- Added SECURITY.md._x000D__x000A_- Updated pipeline Deploy_Module anb Code_Coverage jobs to use ubuntu-latest_x000D__x000A_  images - Fixes [Issue #508](https://github.com/dsccommunity/NetworkingDsc/issues/508)._x000D__x000A_- Updated pipeline unit tests and integration tests to use Windows Server 2019 and_x000D__x000A_  Windows Server 2022 images - Fixes [Issue #507](https://github.com/dsccommunity/NetworkingDsc/issues/507)._x000D__x000A_- NetAdapterState_x000D__x000A_  - Added a new message when setting the state of an adapter._x000D__x000A__x000D__x000A_### Fixed_x000D__x000A__x000D__x000A_- Fixed pipeline by replacing the GitVersion task in the `azure-pipelines.yml`_x000D__x000A_  with a script._x000D__x000A_- NetAdapterState_x000D__x000A_  - Fixed so that the resource is idempotent so that `Enable-NetAdapter` and_x000D__x000A_    `Disable-NetAdapter` are only called when change is required._x000D__x000A_- NetAdapterLso_x000D__x000A_  - Fixed integration tests so that they will be skipped if a network adapter_x000D__x000A_    with NDIS version 6 or greater is not available.</S>
      <Obj N="Dependencies" RefId="8">
        <TNRef RefId="1" />
        <LST />
      </Obj>
      <S N="RepositorySourceLocation">https://www.powershellgallery.com/api/v2</S>
      <S N="Repository">PSGallery</S>
      <S N="PackageManagementProvider">NuGet</S>
      <Obj N="AdditionalMetadata" RefId="9">
        <TN RefId="4">
          <T>System.Management.Automation.PSCustomObject</T>
          <T>System.Object</T>
        </TN>
        <MS>
          <S N="copyright">Copyright the DSC Community contributors. All rights reserved.</S>
          <S N="description">DSC resources for configuring settings related to networking.</S>
          <S N="requireLicenseAcceptance">False</S>
          <S N="releaseNotes">## [9.0.0] - 2022-05-30_x000A__x000D__x000A_### Fixed_x000D__x000A__x000D__x000A_- NetBios_x000D__x000A_  - Fixes configuring network adapters in a disconnected or disabled state - fixes [Issue #434](https://github.com/dsccommunity/NetworkingDsc/issues/434)._x000D__x000A_- DnsServerAddress_x000D__x000A_  - Improved error handling - fixes [Issue #446](https://github.com/dsccommunity/NetworkingDsc/issues/446)._x000D__x000A__x000D__x000A_### Changed_x000D__x000A__x000D__x000A_- NetAdapterLso_x000D__x000A_  - Protocol now a key field allowing multiple protocol configurations for a_x000D__x000A_    single network adapter - fixes [Issue #475](https://github.com/dsccommunity/NetworkingDsc/issues/475)._x000D__x000A_  - Updated wiki documentation showing configuration overlap with_x000D__x000A_    NetAdapterAdvancedProperty - fixes [Issue #475](https://github.com/dsccommunity/NetworkingDsc/issues/475)._x000D__x000A_- NetAdapterAdvancedProperty_x000D__x000A_  - Updated wiki documentation showing configuration overlap with_x000D__x000A_    NetAdapterLso - fixes [Issue #475](https://github.com/dsccommunity/NetworkingDsc/issues/475)._x000D__x000A_- Renamed `master` branch to `main` - Fixes [Issue #469](https://github.com/dsccommunity/NetworkingDsc/issues/469)._x000D__x000A_- Updated build to use `Sampler.GitHubTasks` - Fixes [Issue #489](https://github.com/dsccommunity/NetworkingDsc/issues/489)._x000D__x000A_- Added support for publishing code coverage to `CodeCov.io` and_x000D__x000A_  Azure Pipelines - Fixes [Issue #491](https://github.com/dsccommunity/NetworkingDsc/issues/491)._x000D__x000A_- Minor reformatting of code style for diffability._x000D__x000A_- ProxySettings_x000D__x000A_  - Added function `Get-ProxySettingsRegistryKeyPath` to provide initial_x000D__x000A_    support for changing proxy settings for current user._x000D__x000A_    BREAKING CHANGE: Added support for configuring proxy settings for a user_x000D__x000A_    account by adding `Target` parameter - Fixes [Issue #423](https://github.com/dsccommunity/NetworkingDsc/issues/423)._x000D__x000A_- Updated .github issue templates to standard - Fixes [Issue #508](https://github.com/dsccommunity/NetworkingDsc/issues/508)._x000D__x000A_- Added Create_ChangeLog_GitHub_PR task to publish stage of build pipeline._x000D__x000A_- Added SECURITY.md._x000D__x000A_- Updated pipeline Deploy_Module anb Code_Coverage jobs to use ubuntu-latest_x000D__x000A_  images - Fixes [Issue #508](https://github.com/dsccommunity/NetworkingDsc/issues/508)._x000D__x000A_- Updated pipeline unit tests and integration tests to use Windows Server 2019 and_x000D__x000A_  Windows Server 2022 images - Fixes [Issue #507](https://github.com/dsccommunity/NetworkingDsc/issues/507)._x000D__x000A_- NetAdapterState_x000D__x000A_  - Added a new message when setting the state of an adapter._x000D__x000A__x000D__x000A_### Fixed_x000D__x000A__x000D__x000A_- Fixed pipeline by replacing the GitVersion task in the `azure-pipelines.yml`_x000D__x000A_  with a script._x000D__x000A_- NetAdapterState_x000D__x000A_  - Fixed so that the resource is idempotent so that `Enable-NetAdapter` and_x000D__x000A_    `Disable-NetAdapter` are only called when change is required._x000D__x000A_- NetAdapterLso_x000D__x000A_  - Fixed integration tests so that they will be skipped if a network adapter_x000D__x000A_    with NDIS version 6 or greater is not available.</S>
          <S N="isLatestVersion">True</S>
          <S N="isAbsoluteLatestVersion">True</S>
          <S N="versionDownloadCount">3080435</S>
          <S N="downloadCount">88826938</S>
          <S N="packageSize">149478</S>
          <S N="published">5/30/2022 7:14:50 AM +00:00</S>
          <S N="created">5/30/2022 7:14:50 AM +00:00</S>
          <S N="lastUpdated">3/9/2023 7:50:06 PM +00:00</S>
          <S N="tags">DesiredStateConfiguration DSC DSCResourceKit DSCResource PSModule PSDscResource_DefaultGatewayAddress PSDscResource_DnsClientGlobalSetting PSDscResource_DnsConnectionSuffix PSDscResource_DNSServerAddress PSDscResource_Firewall PSDscResource_FirewallProfile PSDscResource_HostsFile PSDscResource_IPAddress PSDscResource_IPAddressOption PSDscResource_NetAdapterAdvancedProperty PSDscResource_NetAdapterBinding PSDscResource_NetAdapterLso PSDscResource_NetAdapterName PSDscResource_NetAdapterRDMA PSDscResource_NetAdapterRsc PSDscResource_NetAdapterRss PSDscResource_NetAdapterState PSDscResource_NetBIOS PSDscResource_NetConnectionProfile PSDscResource_NetIPInterface PSDscResource_NetworkTeam PSDscResource_NetworkTeamInterface PSDscResource_ProxySettings PSDscResource_Route PSDscResource_WINSSetting PSDscResource_DnsServerAddress PSDscResource_NetAdapterRdma PSDscResource_NetBios PSDscResource_WaitForNetworkTeam PSDscResource_WinsServerAddress PSDscResource_WinsSetting PSIncludes_DscResource</S>
          <S N="developmentDependency">False</S>
          <S N="updated">2023-03-09T19:50:06Z</S>
          <S N="NormalizedVersion">9.0.0</S>
          <S N="Authors">DSC Community</S>
          <S N="IsPrerelease">false</S>
          <S N="ItemType">Module</S>
          <S N="FileList">NetworkingDsc.nuspec|DSCResources\DSC_NetAdapterBinding\DSC_NetAdapterBinding.psm1|NetworkingDsc.psd1|DSCResources\DSC_NetAdapterName\README.MD|en-US\about_NetworkingDsc.help.txt|DSCResources\DSC_NetAdapterName\DSC_NetAdapterName.schema.mof|DSCResources\DSC_NetAdapterState\DSC_NetAdapterState.schema.mof|DSCResources\DSC_NetAdapterName\DSC_NetAdapterName.psm1|DSCResources\DSC_NetAdapterState\README.MD|DSCResources\DSC_NetAdapterAdvancedProperty\DSC_NetAdapterAdvancedProperty.schema.mof|DSCResources\DSC_NetAdapterState\DSC_NetAdapterState.psm1|DSCResources\DSC_NetAdapterAdvancedProperty\README.MD|DSCResources\DSC_DnsServerAddress\README.MD|DSCResources\DSC_NetAdapterAdvancedProperty\DSC_NetAdapterAdvancedProperty.psm1|DSCResources\DSC_DnsServerAddress\DSC_DnsServerAddress.psm1|DSCResources\DSC_NetworkTeamInterface\DSC_NetworkTeamInterface.psm1|DSCResources\DSC_DnsServerAddress\DSC_DnsServerAddress.schema.mof|DSCResources\DSC_NetworkTeamInterface\README.MD|DSCResources\DSC_NetworkTeam\DSC_NetworkTeam.schema.mof|DSCResources\DSC_NetworkTeamInterface\DSC_NetworkTeamInterface.schema.mof|DSCResources\DSC_NetworkTeam\README.MD|DSCResources\DSC_FirewallProfile\DSC_FirewallProfile.schema.mof|DSCResources\DSC_NetworkTeam\DSC_NetworkTeam.psm1|DSCResources\DSC_FirewallProfile\DSC_FirewallProfile.psm1|DSCResources\DSC_WaitForNetworkTeam\DSC_WaitForNetworkTeam.psm1|DSCResources\DSC_FirewallProfile\README.MD|DSCResources\DSC_WaitForNetworkTeam\README.md|DSCResources\DSC_FirewallProfile\DSC_FirewallProfile.data.psd1|DSCResources\DSC_WaitForNetworkTeam\DSC_WaitForNetworkTeam.schema.mof|Modules\NetworkingDsc.Common\NetworkingDsc.Common.psm1|DSCResources\DSC_DefaultGatewayAddress\DSC_DefaultGatewayAddress.schema.mof|DSCResources\DSC_NetAdapterState\en-US\about_NetAdapterState.help.txt|DSCResources\DSC_DefaultGatewayAddress\DSC_DefaultGatewayAddress.psm1|DSCResources\DSC_NetAdapterState\en-US\DSC_NetAdapterState.strings.psd1|DSCResources\DSC_DefaultGatewayAddress\README.md|DSCResources\DSC_DnsServerAddress\en-US\about_DnsServerAddress.help.txt|DSCResources\DSC_NetAdapterLso\DSC_NetAdapterLso.psm1|DSCResources\DSC_DnsServerAddress\en-US\DSC_DnsServerAddress.strings.psd1|DSCResources\DSC_NetAdapterLso\DSC_NetAdapterLso.schema.mof|DSCResources\DSC_NetworkTeam\en-US\about_NetworkTeam.help.txt|DSCResources\DSC_NetAdapterLso\README.MD|DSCResources\DSC_NetworkTeam\en-US\DSC_NetworkTeam.strings.psd1|DSCResources\DSC_DnsClientGlobalSetting\DSC_DnsClientGlobalSetting.psm1|DSCResources\DSC_WaitForNetworkTeam\en-US\DSC_WaitForNetworkTeam.strings.psd1|DSCResources\DSC_DnsClientGlobalSetting\DSC_DnsClientGlobalSetting.schema.mof|DSCResources\DSC_WaitForNetworkTeam\en-US\about_WaitForNetworkTeam.help.txt|DSCResources\DSC_DnsClientGlobalSetting\README.MD|DSCResources\DSC_DefaultGatewayAddress\en-US\DSC_DefaultGatewayAddress.strings.psd1|DSCResources\DSC_DnsClientGlobalSetting\DSC_DnsClientGlobalSetting.data.psd1|DSCResources\DSC_DefaultGatewayAddress\en-US\about_DefaultGatewayAddress.help.txt|DSCResources\DSC_Route\DSC_Route.schema.mof|DSCResources\DSC_NetAdapterLso\en-US\about_NetAdapterLso.help.txt|DSCResources\DSC_Route\README.MD|DSCResources\DSC_NetAdapterLso\en-US\DSC_NetAdapterLso.strings.psd1|DSCResources\DSC_Route\DSC_Route.psm1|DSCResources\DSC_DnsClientGlobalSetting\en-US\DSC_DnsClientGlobalSetting.strings.psd1|DSCResources\DSC_IPAddress\README.MD|DSCResources\DSC_DnsClientGlobalSetting\en-US\about_DnsClientGlobalSetting.help.txt|DSCResources\DSC_IPAddress\DSC_IPAddress.schema.mof|DSCResources\DSC_Route\en-US\about_Route.help.txt|DSCResources\DSC_IPAddress\DSC_IPAddress.psm1|DSCResources\DSC_Route\en-US\DSC_Route.strings.psd1|DSCResources\DSC_HostsFile\README.MD|DSCResources\DSC_IPAddress\en-US\DSC_IPAddress.strings.psd1|DSCResources\DSC_HostsFile\DSC_HostsFile.psm1|DSCResources\DSC_IPAddress\en-US\about_IPAddress.help.txt|DSCResources\DSC_HostsFile\DSC_HostsFile.schema.mof|DSCResources\DSC_HostsFile\en-US\about_HostsFile.help.txt|DSCResources\DSC_DnsConnectionSuffix\DSC_DnsConnectionSuffix.schema.mof|DSCResources\DSC_HostsFile\en-US\DSC_HostsFile.strings.psd1|DSCResources\DSC_DnsConnectionSuffix\DSC_DnsConnectionSuffix.psm1|DSCResources\DSC_DnsConnectionSuffix\en-US\about_DnsConnectionSuffix.help.txt|DSCResources\DSC_DnsConnectionSuffix\README.MD|DSCResources\DSC_DnsConnectionSuffix\en-US\DSC_DnsConnectionSuffix.strings.psd1|DSCResources\DSC_IPAddressOption\README.MD|DSCResources\DSC_IPAddressOption\en-US\DSC_IPAddressOption.strings.psd1|DSCResources\DSC_IPAddressOption\DSC_IPAddressOption.psm1|DSCResources\DSC_IPAddressOption\en-US\about_IPAddressOption.help.txt|DSCResources\DSC_IPAddressOption\DSC_IPAddressOption.schema.mof|DSCResources\DSC_NetAdapterRsc\en-US\about_NetAdapterRsc.help.txt|DSCResources\DSC_NetAdapterRsc\README.MD|DSCResources\DSC_NetAdapterRsc\en-US\DSC_NetAdapterRsc.strings.psd1|DSCResources\DSC_NetAdapterRsc\DSC_NetAdapterRsc.psm1|DSCResources\DSC_NetIPInterface\en-US\about_NetIPInterface.help.txt|DSCResources\DSC_NetAdapterRsc\DSC_NetAdapterRSC.schema.mof|DSCResources\DSC_NetIPInterface\en-US\DSC_NetIPInterface.strings.psd1|DSCResources\DSC_NetIPInterface\README.MD|DSCResources\DSC_NetAdapterRdma\en-US\about_NetAdapterRdma.help.txt|DSCResources\DSC_NetIPInterface\DSC_NetIPInterface.schema.mof|DSCResources\DSC_NetAdapterRdma\en-US\DSC_NetAdapterRdma.strings.psd1|DSCResources\DSC_NetIPInterface\DSC_NetIPInterface.data.psd1|DSCResources\DSC_ProxySettings\en-US\DSC_ProxySettings.strings.psd1|DSCResources\DSC_NetIPInterface\DSC_NetIPInterface.psm1|DSCResources\DSC_ProxySettings\en-US\about_ProxySettings.help.txt|DSCResources\DSC_NetAdapterRdma\README.MD|DSCResources\DSC_NetConnectionProfile\en-US\about_NetConnectionProfile.help.txt|DSCResources\DSC_NetAdapterRdma\DSC_NetAdapterRdma.schema.mof|DSCResources\DSC_NetConnectionProfile\en-US\DSC_NetConnectionProfile.strings.psd1|DSCResources\DSC_NetAdapterRdma\DSC_NetAdapterRdma.psm1|DSCResources\DSC_WinsSetting\en-US\DSC_WinsSetting.strings.psd1|DSCResources\DSC_ProxySettings\DSC_ProxySettings.schema.mof|DSCResources\DSC_WinsSetting\en-US\about_WinsSetting.help.txt|DSCResources\DSC_ProxySettings\README.md|DSCResources\DSC_WinsServerAddress\en-US\DSC_WinsServerAddress.strings.psd1|DSCResources\DSC_ProxySettings\DSC_ProxySettings.psm1|DSCResources\DSC_WinsServerAddress\en-US\about_WinsServerAddress.help.txt|DSCResources\DSC_NetConnectionProfile\README.MD|DSCResources\DSC_NetAdapterRss\en-US\about_NetAdapterRss.help.txt|DSCResources\DSC_NetConnectionProfile\DSC_NetConnectionProfile.schema.mof|DSCResources\DSC_NetAdapterRss\en-US\DSC_NetAdapterRss.strings.psd1|DSCResources\DSC_NetConnectionProfile\DSC_NetConnectionProfile.psm1|DSCResources\DSC_NetBios\en-US\about_NetBios.help.txt|DSCResources\DSC_WinsSetting\README.MD|DSCResources\DSC_NetBios\en-US\DSC_NetBios.strings.psd1|DSCResources\DSC_WinsSetting\DSC_WinsSetting.psm1|DSCResources\DSC_Firewall\en-US\about_Firewall.help.txt|DSCResources\DSC_WinsSetting\DSC_WinsSetting.schema.mof|DSCResources\DSC_Firewall\en-US\DSC_Firewall.strings.psd1|DSCResources\DSC_WinsServerAddress\README.MD|DSCResources\DSC_NetAdapterBinding\en-US\DSC_NetAdapterBinding.strings.psd1|DSCResources\DSC_WinsServerAddress\DSC_WinsServerAddress.schema.mof|DSCResources\DSC_NetAdapterBinding\en-US\about_NetAdapterBinding.help.txt|DSCResources\DSC_WinsServerAddress\DSC_WinsServerAddress.psm1|DSCResources\DSC_NetAdapterName\en-US\DSC_NetAdapterName.strings.psd1|DSCResources\DSC_NetAdapterRss\README.MD|DSCResources\DSC_NetAdapterName\en-US\about_NetAdapterName.help.txt|DSCResources\DSC_NetAdapterRss\DSC_NetAdapterRss.psm1|DSCResources\DSC_NetAdapterAdvancedProperty\en-US\about_NetAdapterAdvancedProperty.help.txt|DSCResources\DSC_NetAdapterRss\DSC_NetAdapterRss.schema.mof|DSCResources\DSC_NetAdapterAdvancedProperty\en-US\DSC_NetAdapterAdvancedProperty.strings.psd1|DSCResources\DSC_NetBios\README.MD|DSCResources\DSC_NetworkTeamInterface\en-US\DSC_NetworkTeamInterface.strings.psd1|DSCResources\DSC_NetBios\DSC_NetBios.psm1|DSCResources\DSC_NetworkTeamInterface\en-US\about_NetworkTeamInterface.help.txt|DSCResources\DSC_NetBios\DSC_NetBios.schema.mof|DSCResources\DSC_FirewallProfile\en-US\DSC_FirewallProfile.strings.psd1|DSCResources\DSC_Firewall\README.MD|DSCResources\DSC_FirewallProfile\en-US\about_FirewallProfile.help.txt|DSCResources\DSC_Firewall\DSC_Firewall.data.psd1|Modules\NetworkingDsc.Common\en-US\NetworkingDsc.Common.strings.psd1|DSCResources\DSC_Firewall\DSC_Firewall.schema.mof|Modules\DscResource.Common\0.10.3\DscResource.Common.psm1|DSCResources\DSC_Firewall\DSC_Firewall.psm1|Modules\DscResource.Common\0.10.3\DscResource.Common.psd1|DSCResources\DSC_NetAdapterBinding\README.MD|Modules\DscResource.Common\0.10.3\en-US\DscResource.Common.strings.psd1|DSCResources\DSC_NetAdapterBinding\DSC_NetAdapterBinding.schema.mof|Modules\DscResource.Common\0.10.3\en-US\about_DscResource.Common.help.txt</S>
          <S N="GUID">e6647cc3-ce9c-4c86-9eb8-2ee8919bf358</S>
          <S N="PowerShellVersion">4.0</S>
          <S N="CLRVersion">4.0</S>
          <S N="CompanyName">DSC Community</S>
        </MS>
      </Obj>
      <S N="InstalledLocation">C:\Users\runneradmin\Documents\PowerShell\Modules\NetworkingDsc\9.0.0</S>
    </MS>
  </Obj>
</Objs>
